year,country,life_expectancy
1960,Japan,67.8
1961,Japan,68.5
1962,Japan,68.6
1963,Japan,69.2
1964,Japan,69.7
1965,Japan,69.4
1966,Japan,70.1
1967,Japan,70.0
1968,Japan,71.0
1969,Japan,70.6
1970,Japan,71.0
1971,Japan,71.5
1972,Japan,71.7
1973,Japan,72.4
1974,Japan,72.5
1975,Japan,73.0
1976,Japan,73.0
1977,Japan,73.3
1978,Japan,73.2
1979,Japan,74.2
1980,Japan,74.3
1981,Japan,74.5
1982,Japan,74.5
1983,Japan,74.9
1984,Japan,75.3
1985,Japan,75.5
1986,Japan,75.6
1987,Japan,75.9
1988,Japan,76.4
1989,Japan,76.4
1990,Japan,76.8
1991,Japan,77.0
1992,Japan,77.2
1993,Japan,77.3
1994,Japan,77.8
1995,Japan,77.8
1996,Japan,78.5
1997,Japan,78.4
1998,Japan,78.7
1999,Japan,78.8
2000,Japan,79.6
2001,Japan,79.9
2002,Japan,79.6
2003,Japan,80.0
2004,Japan,80.5
2005,Japan,80.4
2006,Japan,80.8
2007,Japan,81.1
2008,Japan,81.0
2009,Japan,81.4
2010,Japan,81.4
2011,Japan,81.6
2012,Japan,81.8
2013,Japan,82.3
2014,Japan,82.7
2015,Japan,83.1
2016,Japan,83.2
2017,Japan,83.6
2018,Japan,83.4
2019,Japan,84.2
2020,Japan,84.4
2021,Japan,84.1
2022,Japan,84.3
1960,United States,70.3
1961,United States,69.7
1962,United States,70.6
1963,United States,69.8
1964,United States,70.9
1965,United States,70.3
1966,United States,71.0
1967,United States,71.1
1968,United States,71.4
1969,United States,71.3
1970,United States,70.9
1971,United States,70.9
1972,United States,71.2
1973,United States,71.8
1974,United States,71.1
1975,United States,72.1
1976,United States,71.6
1977,United States,72.0
1978,United States,72.6
1979,United States,72.1
1980,United States,72.3
1981,United States,72.1
1982,United States,72.0
1983,United States,73.0
1984,United States,72.3
1985,United States,73.2
1986,United States,73.3
1987,United States,72.8
1988,United States,73.2
1989,United States,73.7
1990,United States,73.4
1991,United States,73.1
1992,United States,73.6
1993,United States,73.5
1994,United States,73.7
1995,United States,74.0
1996,United States,74.1
1997,United States,74.0
1998,United States,73.7
1999,United States,74.1
2000,United States,74.5
2001,United States,73.9
2002,United States,74.7
2003,United States,74.9
2004,United States,74.2
2005,United States,75.1
2006,United States,74.7
2007,United States,75.0
2008,United States,75.1
2009,United States,75.3
2010,United States,75.8
2011,United States,75.2
2012,United States,75.3
2013,United States,75.3
2014,United States,75.9
2015,United States,75.7
2016,United States,76.2
2017,United States,75.4
2018,United States,76.4
2019,United States,76.6
2020,United States,73.9
2021,United States,74.6
2022,United States,76.8
1966,China,47.8
1967,China,50.3
1968,China,49.4
1969,China,50.5
1970,China,52.0
1971,China,52.4
1972,China,52.2
1973,China,52.5
1974,China,53.8
1975,China,54.3
1976,China,55.7
1977,China,55.9
1978,China,54.6
1979,China,56.6
1980,China,57.1
1981,China,57.5
1982,China,58.6
1983,China,57.6
1984,China,59.6
1985,China,60.6
1986,China,60.5
1987,China,60.1
1988,China,61.2
1989,China,60.6
1990,China,63.3
1991,China,64.0
1992,China,63.5
1993,China,64.9
1994,China,63.4
1995,China,65.2
1996,China,64.6
1997,China,65.6
1998,China,65.7
1999,China,67.6
2000,China,66.6
2001,China,69.1
2002,China,67.8
2003,China,69.4
2004,China,68.3
2005,China,71.1
2006,China,70.4
2007,China,70.2
2008,China,71.8
2009,China,71.0
2010,China,73.6
2011,China,73.2
2012,China,73.8
2013,China,72.8
2014,China,73.4
2015,China,74.8
2016,China,74.4
2017,China,76.4
2018,China,75.9
2019,China,77.6
2020,China,78.0
2021,China,77.2
2022,China,77.0
1960,India,45.1
1961,India,46.1
1962,India,45.7
1963,India,47.9
1964,India,46.9
1965,India,47.2
1966,India,47.9
1967,India,49.3
1968,India,50.0
1970,India,50.1
1971,India,51.7
1972,India,50.7
1973,India,51.3
1974,India,52.3
1975,India,53.2
1976,India,53.9
1977,India,53.5
1978,India,53.2
1979,India,54.1
1981,India,55.1
1982,India,55.5
1983,India,56.5
1984,India,56.9
1985,India,57.1
1986,India,57.5
1987,India,57.9
1988,India,58.5
1989,India,57.5
1990,India,58.9
1992,India,60.3
1993,India,60.3
1994,India,61.1
1995,India,59.8
1996,India,60.4
1997,India,62.0
1998,India,61.0
1999,India,62.2
2000,India,61.8
2001,India,63.4
2003,India,63.5
2004,India,63.7
2005,India,64.6
2006,India,65.5
2007,India,65.0
2008,India,66.0
2009,India,65.1
2010,India,65.7
2011,India,66.2
2012,India,66.7
2014,India,66.9
2015,India,68.7
2016,India,68.7
2017,India,67.8
2018,India,69.7
2019,India,68.6
2020,India,67.9
2021,India,67.4
2022,India,69.3
1960,Nigeria,37.4
1961,Nigeria,38.1
1962,Nigeria,37.7
1963,Nigeria,37.5
1964,Nigeria,38.9
1965,Nigeria,39.3
1966,Nigeria,39.2
1967,Nigeria,39.0
1968,Nigeria,40.0
1969,Nigeria,39.9
1970,Nigeria,39.9
1971,Nigeria,41.0
1972,Nigeria,40.8
1973,Nigeria,42.0
1974,Nigeria,41.5
1975,Nigeria,41.5
1976,Nigeria,42.4
1977,Nigeria,42.1
1978,Nigeria,43.3
1979,Nigeria,43.0
1980,Nigeria,43.8
1981,Nigeria,44.2
1982,Nigeria,44.7
1983,Nigeria,44.8
1984,Nigeria,45.1
1985,Nigeria,44.6
1986,Nigeria,44.4
1987,Nigeria,45.0
1988,Nigeria,45.9
1989,Nigeria,45.4
1990,Nigeria,45.3
1991,Nigeria,45.5
1992,Nigeria,45.8
1993,Nigeria,46.5
1998,Nigeria,47.2
1999,Nigeria,48.3
2000,Nigeria,49.0
2001,Nigeria,49.4
2002,Nigeria,49.0
2003,Nigeria,49.8
2004,Nigeria,50.1
2005,Nigeria,50.3
2006,Nigeria,50.1
2007,Nigeria,50.6
2008,Nigeria,49.8
2009,Nigeria,50.2
2010,Nigeria,51.2
2011,Nigeria,51.3
2012,Nigeria,51.1
2013,Nigeria,52.1
2014,Nigeria,52.4
2015,Nigeria,51.6
2016,Nigeria,51.8
2017,Nigeria,52.7
2018,Nigeria,52.5
2019,Nigeria,53.5
2020,Nigeria,53.4
2021,Nigeria,53.6
2022,Nigeria,53.1
